h,t,t,p,s,:,/,/,w,w,w,.,y,o,u,t,u,b,e,.,c,o,m,/,w,a,t,c,h,?,v,=,X,m,e,R,Y,h,f,F,V,P,8
h,t,t,p,s,:,/,/,w,w,w,.,y,o,u,t,u,b,e,.,c,o,m,/,w,a,t,c,h,?,v,=,q,0,i,5,-,-,J,0,E,H,w
h,t,t,p,s,:,/,/,w,w,w,.,y,o,u,t,u,b,e,.,c,o,m,/,w,a,t,c,h,?,v,=,j,m,m,C,-,S,b,g,F,Y,Q
h,t,t,p,s,:,/,/,w,w,w,.,y,o,u,t,u,b,e,.,c,o,m,/,w,a,t,c,h,?,v,=,w,D,T,c,A,R,O,z,C,k,I
h,t,t,p,s,:,/,/,w,w,w,.,y,o,u,t,u,b,e,.,c,o,m,/,w,a,t,c,h,?,v,=,N,I,g,H,t,3,I,8,n,6,k
h,t,t,p,s,:,/,/,w,w,w,.,y,o,u,t,u,b,e,.,c,o,m,/,w,a,t,c,h,?,v,=,2,D,i,5,g,i,V,V,B,J,E
h,t,t,p,s,:,/,/,w,w,w,.,y,o,u,t,u,b,e,.,c,o,m,/,w,a,t,c,h,?,v,=,J,5,t,c,5,c,5,p,c,d,Q
h,t,t,p,s,:,/,/,w,w,w,.,y,o,u,t,u,b,e,.,c,o,m,/,w,a,t,c,h,?,v,=,J,H,l,l,4,V,0,L,s,4,M
h,t,t,p,s,:,/,/,w,w,w,.,y,o,u,t,u,b,e,.,c,o,m,/,w,a,t,c,h,?,v,=,p,o,G,D,G,H,D,F,e,P,s
h,t,t,p,s,:,/,/,w,w,w,.,y,o,u,t,u,b,e,.,c,o,m,/,w,a,t,c,h,?,v,=,O,U,Y,w,B,A,1,5,1,P,U
h,t,t,p,s,:,/,/,w,w,w,.,y,o,u,t,u,b,e,.,c,o,m,/,w,a,t,c,h,?,v,=,9,d,n,q,w,z,_,W,V,o,A
h,t,t,p,s,:,/,/,w,w,w,.,y,o,u,t,u,b,e,.,c,o,m,/,w,a,t,c,h,?,v,=,a,A,M,D,L,F,Z,8,w,F,A
h,t,t,p,s,:,/,/,w,w,w,.,y,o,u,t,u,b,e,.,c,o,m,/,w,a,t,c,h,?,v,=,T,R,9,J,U,r,Z,z,q,n,E
h,t,t,p,s,:,/,/,w,w,w,.,y,o,u,t,u,b,e,.,c,o,m,/,w,a,t,c,h,?,v,=,l,M,0,N,k,7,r,k,7,O,8
h,t,t,p,s,:,/,/,w,w,w,.,y,o,u,t,u,b,e,.,c,o,m,/,w,a,t,c,h,?,v,=,S,4,a,q,j,5,m,b,4,4,4
h,t,t,p,s,:,/,/,w,w,w,.,y,o,u,t,u,b,e,.,c,o,m,/,w,a,t,c,h,?,v,=,F,D,w,Z,7,2,n,z,4,r,s
h,t,t,p,s,:,/,/,w,w,w,.,y,o,u,t,u,b,e,.,c,o,m,/,w,a,t,c,h,?,v,=,R,i,j,G,v,0,Y,l,O,k,I
h,t,t,p,s,:,/,/,w,w,w,.,y,o,u,t,u,b,e,.,c,o,m,/,w,a,t,c,h,?,v,=,z,n,i,W,8,k,l,O,3,4,E
h,t,t,p,s,:,/,/,w,w,w,.,y,o,u,t,u,b,e,.,c,o,m,/,w,a,t,c,h,?,v,=,d,v,u,R,5,w,Z,3,5,q,U
h,t,t,p,s,:,/,/,w,w,w,.,y,o,u,t,u,b,e,.,c,o,m,/,w,a,t,c,h,?,v,=,8,4,i,5,K,5,W,A,U,j,Q
